filename,volume,date,prob_topic_id_0,prob_topic_id_1,prob_topic_id_2,prob_topic_id_3,prob_topic_id_4,prob_topic_id_5,prob_topic_id_6,prob_topic_id_7,prob_topic_id_8,prob_topic_id_9,prob_topic_id_10,prob_topic_id_11,prob_topic_id_12,prob_topic_id_13,prob_topic_id_14,prob_topic_id_15,prob_topic_id_16,prob_topic_id_17,prob_topic_id_18,prob_topic_id_19,prob_topic_id_20,prob_topic_id_21,prob_topic_id_22,prob_topic_id_23,prob_topic_id_24,prob_topic_id_25,prob_topic_id_26,prob_topic_id_27,prob_topic_id_28,prob_topic_id_29,prob_topic_id_30,prob_topic_id_31
Vol.5_2016年5月3日 配信.txt,5,2016年5月3日,1.3412017167394943e-05,1.3412017167393678e-05,1.3412017167395407e-05,1.341201716739693e-05,1.3412017167396353e-05,1.3412017167393964e-05,1.341201716739562e-05,1.3412017167396156e-05,1.3412017167394762e-05,1.3412017167395194e-05,1.3412017167393678e-05,1.341201716739511e-05,1.3412017167396063e-05,1.3412017167396376e-05,1.3412017167396251e-05,1.341201716739578e-05,1.3412017167393678e-05,1.3412017167393678e-05,1.341201716739586e-05,1.3412017167395077e-05,1.3412017167395014e-05,1.3412017167394252e-05,1.3412017167393678e-05,1.3412017167395294e-05,1.3412017167393678e-05,1.3412017167394464e-05,0.9995842274678108,1.3412017167396409e-05,1.3412017167396114e-05,1.341201716739527e-05,1.341201716743042e-05,1.3412017167396327e-05
Vol.6_2016年5月10日 配信.txt,6,2016年5月10日,1.560939060943429e-05,1.5609390609431e-05,0.01650067874004505,1.5609390609433425e-05,1.5609390609434547e-05,1.5609390609431196e-05,1.560939060943397e-05,1.5609390609434564e-05,1.5609390609432914e-05,1.560939060943379e-05,1.5609390609431e-05,1.5609390609435106e-05,1.5609390609434476e-05,0.6744725317086344,1.560939060943367e-05,1.5609390609433998e-05,1.5609390609431e-05,1.5609390609431e-05,1.5609390609434272e-05,1.5609390609434706e-05,1.5609390609432297e-05,1.5609390609433368e-05,1.5609390609431e-05,1.560939060943315e-05,1.5609390609431e-05,1.560939060943314e-05,1.560939060943476e-05,0.308574117223647,1.5609390609433967e-05,1.5609390609433686e-05,1.5609390609433564e-05,1.5609390609433835e-05
Vol.7_2016年5月17日 配信.txt,7,2016年5月17日,3.175813008133991e-05,3.175813008133538e-05,3.175813008134018e-05,3.175813008133951e-05,3.175813008134079e-05,3.175813008133574e-05,3.175813008134008e-05,3.175813008133978e-05,3.175813008134e-05,3.175813008133915e-05,3.175813008133538e-05,3.1758130081340586e-05,3.175813008134199e-05,3.1758130081343405e-05,3.1758130081341515e-05,3.1758130081342985e-05,3.175813008133538e-05,3.175813008133538e-05,3.175813008134283e-05,0.13565939094850812,3.175813008134306e-05,3.175813008133693e-05,3.175813008133538e-05,3.175813008134007e-05,3.175813008133538e-05,3.175813008133769e-05,0.15777697920208564,0.7056426440770474,3.175813008134021e-05,3.175813008133925e-05,3.175813008134042e-05,3.1758130081343595e-05
Vol.8_2016年5月24日 配信.txt,8,2016年5月24日,1.2616067824005415e-05,1.2616067824003611e-05,1.2616067824005847e-05,1.26160678240056e-05,1.2616067824006254e-05,1.2616067824003782e-05,1.2616067824005615e-05,1.2616067824005578e-05,1.2616067824007467e-05,0.0036176681617438853,1.2616067824003611e-05,1.261606782400632e-05,1.2616067824006271e-05,0.09674829180512001,1.2616067824006096e-05,0.03225456459456907,1.2616067824003611e-05,1.2616067824003611e-05,1.2616067824006152e-05,0.01870512181996336,1.261606782400556e-05,1.2616067824005461e-05,1.2616067824003611e-05,1.2616067824005304e-05,1.2616067824003611e-05,1.261606782400496e-05,0.8367666081365501,1.2616067824005881e-05,0.011579727718629428,1.2616067824005587e-05,1.2616067824006281e-05,1.2616067824006483e-05
Vol.9_2016年6月7日 配信.txt,9,2016年6月7日,1.196859440829878e-05,1.1968594408296883e-05,1.196859440829863e-05,1.1968594408298525e-05,1.1968594408299023e-05,1.1968594408297077e-05,0.057682909374029805,1.1968594408299836e-05,1.1968594408298635e-05,1.1968594408298435e-05,1.1968594408296883e-05,1.1968594408299211e-05,0.07493523121199376,0.132097977350309,1.196859440829923e-05,1.1968594408299448e-05,1.1968594408296883e-05,1.1968594408296883e-05,0.7156791252472627,1.1968594408298525e-05,1.1968594408297749e-05,1.1968594408297973e-05,1.1968594408296883e-05,1.1968594408298821e-05,1.1968594408296883e-05,1.196859440829788e-05,1.1968594408299462e-05,0.01928160476738065,1.196859440829971e-05,1.1968594408298584e-05,1.1968594408299086e-05,1.1968594408299902e-05
Vol.10_2016年6月14日 配信.txt,10,2016年6月14日,1.2342022116945251e-05,1.2342022116943625e-05,1.2342022116945168e-05,1.2342022116945816e-05,1.2342022116945712e-05,1.2342022116944816e-05,1.2342022116945604e-05,1.234202211694593e-05,1.2342022116945189e-05,1.234202211694586e-05,1.2342022116943625e-05,1.2342022116944969e-05,1.2342022116946109e-05,0.8781227932290444,1.234202211694593e-05,0.10474701765492238,1.2342022116943625e-05,1.2342022116943625e-05,0.009339448326516222,1.2342022116945328e-05,1.234202211694523e-05,1.2342022116944799e-05,1.2342022116943625e-05,1.2342022116946901e-05,1.2342022116943625e-05,1.234202211694453e-05,1.2342022116946082e-05,1.2342022116945826e-05,1.2342022116946285e-05,1.2342022116944857e-05,1.2342022116945919e-05,0.007445164170242556
Vol.11_2016年6月21日 配信.txt,11,2016年6月21日,1.4534883720949144e-05,1.453488372094704e-05,1.4534883720948809e-05,1.4534883720952646e-05,1.4534883720949322e-05,1.4534883720947127e-05,1.453488372094933e-05,1.4534883720949212e-05,1.4534883720948617e-05,1.4534883720949598e-05,1.453488372094704e-05,1.4534883720949048e-05,1.4534883720949586e-05,0.002714187334977157,1.4534883720949515e-05,1.4534883720949698e-05,1.453488372094704e-05,1.453488372094704e-05,1.4534883720949412e-05,1.4534883720948824e-05,1.4534883720948502e-05,1.4534883720947462e-05,1.453488372094704e-05,1.4534883720948724e-05,1.453488372094704e-05,1.4534883720947904e-05,0.0010630995405110767,1.4534883720949519e-05,0.9958012014966042,1.4534883720948163e-05,1.453488372094943e-05,1.453488372094979e-05
Vol.12_2016年6月28日 配信.txt,12,2016年6月28日,2.1215207060448376e-05,2.1215207060445422e-05,2.1215207060448766e-05,2.1215207060450592e-05,2.1215207060448827e-05,2.121520706044545e-05,0.8537052411629116,2.1215207060448468e-05,2.1215207060448078e-05,2.121520706044877e-05,2.1215207060445422e-05,2.1215207060448593e-05,2.1215207060449684e-05,0.024585206104438803,2.1215207060449342e-05,2.1215207060449708e-05,2.1215207060445422e-05,2.1215207060445422e-05,2.1215207060448407e-05,2.1215207060448593e-05,2.1215207060447628e-05,2.121520706044674e-05,2.1215207060445422e-05,2.1215207060447394e-05,2.1215207060445422e-05,2.121520706044722e-05,2.1215207060449152e-05,0.12109431172789671,2.1215207060449867e-05,2.1215207060447092e-05,2.1215207060449366e-05,2.1215207060448756e-05
Vol.13_2016年7月5日 配信.txt,13,2016年7月5日,1.42304189435621e-05,1.4230418943559376e-05,1.4230418943562243e-05,1.4230418943561367e-05,0.04170150628167792,1.4230418943559525e-05,1.4230418943561494e-05,1.4230418943562934e-05,1.4230418943562366e-05,1.4230418943562382e-05,1.4230418943559376e-05,1.4230418943562985e-05,1.4230418943562783e-05,0.1594209705529386,1.4230418943563115e-05,1.4230418943563047e-05,1.4230418943559376e-05,1.4230418943559376e-05,1.4230418943561968e-05,1.4230418943563047e-05,1.423041894356252e-05,1.4230418943562517e-05,1.4230418943559376e-05,1.4230418943561497e-05,1.4230418943559376e-05,1.4230418943561443e-05,1.4230418943562634e-05,1.4230418943562692e-05,0.7655629758019361,0.0026863139599606106,1.4230418943561973e-05,0.03024401209201058
Vol.14_2016年7月12日 配信.txt,14,2016年7月12日,1.1850587789171717e-05,1.1850587789170039e-05,1.1850587789172116e-05,1.1850587789171568e-05,1.185058778917184e-05,1.1850587789170166e-05,1.185058778917144e-05,1.1850587789171782e-05,1.185058778917302e-05,1.185058778917217e-05,1.1850587789170039e-05,1.1850587789172673e-05,1.1850587789172605e-05,0.9996326317785357,1.185058778917222e-05,1.1850587789172802e-05,1.1850587789170039e-05,1.1850587789170039e-05,1.1850587789172183e-05,1.1850587789172747e-05,1.1850587789172448e-05,1.1850587789172526e-05,1.1850587789170039e-05,1.1850587789171316e-05,1.1850587789170039e-05,1.185058778917031e-05,1.1850587789172871e-05,1.1850587789171787e-05,1.1850587789172126e-05,1.1850587789171187e-05,1.1850587789171834e-05,1.1850587789172488e-05
Vol.15_2016年7月19日 配信.txt,15,2016年7月19日,2.020038784750892e-05,2.020038784750684e-05,2.0200387847509378e-05,2.0200387847510384e-05,2.0200387847509988e-05,2.020038784750701e-05,0.6764411571868124,2.020038784750929e-05,2.0200387847508873e-05,2.0200387847508944e-05,2.020038784750684e-05,2.0200387847509066e-05,2.0200387847510008e-05,0.3193605278846655,2.0200387847510825e-05,2.0200387847509903e-05,2.020038784750684e-05,2.020038784750684e-05,2.0200387847509405e-05,2.0200387847509205e-05,2.0200387847507894e-05,2.0200387847506976e-05,2.020038784750684e-05,2.0200387847509137e-05,2.020038784750684e-05,0.00361250368094444,2.020038784750995e-05,2.020038784751079e-05,2.0200387847511224e-05,2.02003878475086e-05,2.020038784751e-05,2.020038784750972e-05
Vol.16_2016年7月26日 配信.txt,16,2016年7月26日,1.324713861808175e-05,1.3247138618079712e-05,1.3247138618081825e-05,1.3247138618082125e-05,1.3247138618081828e-05,1.3247138618079848e-05,1.3247138618082996e-05,1.324713861808219e-05,1.3247138618081025e-05,1.3247138618081722e-05,1.3247138618079712e-05,1.3247138618081557e-05,0.7395790524730519,0.11516832840260334,1.3247138618082333e-05,0.001602505576487626,1.3247138618079712e-05,1.3247138618079712e-05,1.3247138618082157e-05,1.3247138618081362e-05,1.3247138618081346e-05,1.3247138618079889e-05,1.3247138618079712e-05,1.3247138618081657e-05,1.3247138618079712e-05,1.324713861808043e-05,1.3247138618082066e-05,1.3247138618082376e-05,0.0053220745919933445,1.3247138618080924e-05,1.3247138618082425e-05,0.1379703662131756
Vol.17_2016年8月2日 配信.txt,17,2016年8月2日,2.1492434663018283e-05,2.149243466301513e-05,2.149243466301721e-05,2.1492434663018757e-05,2.1492434663018706e-05,2.1492434663015223e-05,2.1492434663017764e-05,2.1492434663018815e-05,2.1492434663018435e-05,2.1492434663018134e-05,2.149243466301513e-05,2.149243466301811e-05,2.1492434663019174e-05,2.1492434663020214e-05,2.1492434663018706e-05,2.1492434663019614e-05,2.149243466301513e-05,2.149243466301513e-05,2.1492434663018533e-05,2.1492434663017575e-05,2.1492434663016907e-05,2.1492434663015843e-05,2.149243466301513e-05,2.149243466301762e-05,2.149243466301513e-05,2.149243466301659e-05,2.1492434663018967e-05,2.1492434663018232e-05,2.1492434663018225e-05,2.1492434663016514e-05,2.1492434663018557e-05,0.9993337345254465
vol.18_.txt,18,,2.0371577574986e-05,2.037157757498313e-05,2.037157757498637e-05,2.0371577574986612e-05,2.0371577574986626e-05,2.037157757498351e-05,2.0371577574985684e-05,2.037157757498628e-05,2.0371577574986273e-05,2.0371577574985972e-05,2.037157757498313e-05,2.037157757498598e-05,2.037157757498699e-05,2.037157757498918e-05,2.0371577574986687e-05,2.0371577574987056e-05,2.037157757498313e-05,2.037157757498313e-05,2.037157757498641e-05,2.0371577574985647e-05,2.03715775749853e-05,2.0371577574983888e-05,2.037157757498313e-05,2.0371577574984735e-05,2.037157757498313e-05,2.037157757498409e-05,2.037157757498647e-05,2.0371577574986995e-05,2.037157757498632e-05,2.037157757498529e-05,2.037157757498681e-05,0.9993684810951755
Vol.19_2016年8月16日 配信.txt,19,2016年8月16日,1.999360204738411e-05,1.9993602047382406e-05,1.999360204738404e-05,1.9993602047385784e-05,1.999360204738513e-05,1.9993602047382484e-05,1.9993602047385666e-05,1.9993602047385317e-05,1.999360204738461e-05,1.9993602047384734e-05,1.9993602047382406e-05,1.9993602047384524e-05,1.9993602047385303e-05,0.9993801983365311,1.999360204738605e-05,1.9993602047386123e-05,1.9993602047382406e-05,1.9993602047382406e-05,1.999360204738506e-05,1.9993602047384673e-05,1.9993602047383758e-05,1.9993602047382508e-05,1.9993602047382406e-05,1.999360204738888e-05,1.9993602047382406e-05,1.999360204738346e-05,1.9993602047384873e-05,1.9993602047385723e-05,1.9993602047419476e-05,1.9993602047385174e-05,1.9993602047386177e-05,1.999360204738604e-05
Vol.20_2016年8月23日 配信.txt,20,2016年8月23日,1.930203829528449e-05,1.9302038295281662e-05,1.9302038295286714e-05,1.930203829528361e-05,1.9302038295285328e-05,1.93020382952829e-05,1.9302038295284264e-05,1.9302038295284782e-05,1.9302038295283678e-05,1.9302038295283935e-05,1.9302038295281662e-05,1.930203829528475e-05,1.9302038295286073e-05,0.026037503350631413,1.930203829528508e-05,0.07921084119742633,1.9302038295281662e-05,1.9302038295281662e-05,1.9302038295284765e-05,0.07765117969803809,1.930203829528386e-05,1.9302038295282865e-05,1.9302038295281662e-05,1.9302038295284562e-05,1.9302038295281662e-05,1.9302038295285148e-05,1.930203829528526e-05,1.930203829528478e-05,1.9302038295284813e-05,1.930203829528436e-05,1.930203829528536e-05,0.8165600186816363
Vol.21_2016年9月6日 配信.txt,21,2016年9月6日,3.487723214290208e-05,3.4877232142895264e-05,3.48772321429006e-05,3.487723214290177e-05,3.487723214290085e-05,3.487723214289544e-05,3.48772321429023e-05,3.487723214289991e-05,3.4877232142900916e-05,3.48772321429004e-05,3.4877232142895264e-05,3.4877232142901925e-05,3.487723214290294e-05,0.13870568486629564,3.487723214290165e-05,3.487723214290288e-05,3.4877232142895264e-05,3.4877232142895264e-05,3.487723214290103e-05,3.4877232142899947e-05,3.487723214290325e-05,3.487723214289719e-05,3.4877232142895264e-05,3.487723214289846e-05,3.4877232142895264e-05,3.487723214289895e-05,3.487723214290233e-05,3.4877232142901315e-05,3.487723214290174e-05,3.4877232142898917e-05,0.8602479981694174,3.4877232142902576e-05
Vol.22_2016年9月13日 配信.txt,22,2016年9月13日,1.6091658084467995e-05,1.6091658084465836e-05,1.609165808446797e-05,1.6091658084468594e-05,1.6091658084467927e-05,1.609165808446599e-05,1.609165808446882e-05,1.60916580844679e-05,1.609165808446796e-05,1.6091658084468042e-05,1.6091658084465836e-05,1.609165808446815e-05,1.609165808446911e-05,0.12336808088543665,1.6091658084468316e-05,1.6091658084469353e-05,1.6091658084465836e-05,1.6091658084465836e-05,1.6091658084467927e-05,1.6091658084468e-05,1.609165808446825e-05,1.6091658084466294e-05,1.6091658084465836e-05,1.60916580844674e-05,1.6091658084465836e-05,1.6091658084467073e-05,1.609165808446832e-05,1.6091658084468106e-05,1.6091658084468313e-05,1.6091658084467574e-05,0.8761491693720294,1.6091658084468584e-05
Vol.23_2016年9月20日 配信.txt,23,2016年9月20日,1.1192693409751371e-05,1.1192693409750335e-05,1.119269340975169e-05,1.1192693409751632e-05,1.1192693409751739e-05,1.1192693409750584e-05,1.119269340975143e-05,1.1192693409751671e-05,1.1192693409751265e-05,1.1192693409751593e-05,1.1192693409750335e-05,1.1192693409751546e-05,1.119269340975203e-05,1.1192693409781792e-05,1.1192693409752012e-05,1.1192693409752105e-05,1.1192693409750335e-05,1.1192693409750335e-05,1.1192693409751771e-05,1.1192693409751553e-05,1.1192693409750944e-05,1.119269340975052e-05,1.1192693409750335e-05,1.1192693409751647e-05,1.1192693409750335e-05,1.1192693409750692e-05,1.1192693409751844e-05,1.119269340975198e-05,1.119269340975183e-05,1.1192693409751051e-05,0.9996530265042978,1.1192693409751978e-05
Vol.24_2016年9月27日 配信.txt,24,2016年9月27日,1.4602803738353531e-05,1.460280373835169e-05,1.4602803738353252e-05,1.4602803738355046e-05,1.4602803738353755e-05,1.460280373835196e-05,1.4602803738353389e-05,1.4602803738353768e-05,1.4602803738353868e-05,1.4602803738354971e-05,1.460280373835169e-05,1.4602803738353589e-05,1.4602803738354322e-05,1.4602803738354553e-05,1.4602803738354017e-05,0.09397801166151967,1.460280373835169e-05,1.460280373835169e-05,1.4602803738354487e-05,1.4602803738353553e-05,1.4602803738352598e-05,1.4602803738352066e-05,1.460280373835169e-05,1.4602803738353216e-05,1.460280373835169e-05,1.4602803738353314e-05,1.4602803738353699e-05,1.4602803738354377e-05,1.4602803738353524e-05,1.4602803738352642e-05,0.9055839042263297,1.4602803738354458e-05
Vol.25_2016年10月4日 配信.txt,25,2016年10月4日,1.3784737538607717e-05,1.3784737538605994e-05,1.3784737538608161e-05,1.378473753860791e-05,1.3784737538612364e-05,1.3784737538606032e-05,1.3784737538607372e-05,1.378473753860778e-05,1.3784737538607372e-05,1.37847375386081e-05,1.3784737538605994e-05,1.3784737538607656e-05,1.3784737538608017e-05,1.3784737538608095e-05,1.3784737538608176e-05,1.3784737538607826e-05,1.3784737538605994e-05,1.3784737538605994e-05,1.378473753860781e-05,1.3784737538608092e-05,1.378473753860736e-05,1.378473753860684e-05,1.3784737538605994e-05,1.3784737538607099e-05,1.3784737538605994e-05,1.3784737538606548e-05,1.3784737538607993e-05,1.3784737538607656e-05,1.3784737538607826e-05,1.3784737538607497e-05,0.9995726731363033,1.3784737538608097e-05
Vol.26_2016年10月11日 配信.txt,26,2016年10月11日,1.2293469708903456e-05,1.2293469708901794e-05,1.2293469708903819e-05,1.2293469708904881e-05,1.2293469837075159e-05,1.2293469708901903e-05,1.2293469708903446e-05,1.2293469708903614e-05,1.2293469708903143e-05,1.2293469708903424e-05,1.2293469708901794e-05,1.2293469708904447e-05,1.2293469708903983e-05,1.2293469708904442e-05,1.2293469708904425e-05,1.2293469708904232e-05,1.2293469708901794e-05,1.2293469708901794e-05,1.2293469708903648e-05,1.2293469708903893e-05,1.2293469708903116e-05,1.2293469708902416e-05,1.2293469708901794e-05,1.2293469708903438e-05,1.2293469708901794e-05,1.2293469708903214e-05,1.2293469708904402e-05,1.2293469708904707e-05,1.2293469708904064e-05,1.2293469708903009e-05,0.9996189024388957,1.2293469708904161e-05
Vol.27_2016年10月18日 配信.txt,27,2016年10月18日,1.281788351108202e-05,1.2817883511080556e-05,1.281788351108217e-05,1.2817883511081815e-05,0.6842061416219123,1.2817883511080647e-05,1.2817883511081965e-05,1.2817883511082313e-05,1.2817883511081659e-05,1.2817883511082145e-05,1.2817883511080556e-05,1.2817883511082052e-05,1.2817883511082233e-05,1.2817883511082497e-05,1.2817883511082523e-05,1.2817883511082265e-05,1.2817883511080556e-05,1.2817883511080556e-05,1.2817883511082028e-05,1.2817883511082108e-05,1.281788351108145e-05,1.281788351108097e-05,1.2817883511080556e-05,1.2817883511081864e-05,1.2817883511080556e-05,1.2817883511080957e-05,1.2817883511082253e-05,1.2817883511082384e-05,1.2817883511082255e-05,1.2817883511081425e-05,0.3154093218727552,1.2817883511082128e-05
Vol.28_2016年10月25日 配信.txt,28,2016年10月25日,2.458693941781834e-05,2.4586939417814417e-05,2.458693941781902e-05,2.458693941781797e-05,2.4586939417817927e-05,2.4586939417814536e-05,2.458693941781783e-05,2.4586939417817643e-05,2.4586939417818158e-05,2.4586939417817738e-05,2.4586939417814417e-05,2.4586939417819493e-05,0.9610685199623396,2.4586939417818883e-05,2.458693941781932e-05,2.458693941781874e-05,2.4586939417814417e-05,2.4586939417814417e-05,2.4586939417818862e-05,2.4586939417818303e-05,2.4586939417817077e-05,0.038193871855126016,2.4586939417814417e-05,2.4586939417816867e-05,2.4586939417814417e-05,2.4586939417816725e-05,2.4586939417818663e-05,2.458693941781879e-05,2.4586939417817514e-05,2.4586939417817714e-05,2.4586939417818663e-05,2.458693941782118e-05
Vol.29_2016年11月1日 配信.txt,29,2016年11月1日,1.7785998861746353e-05,1.7785998861742413e-05,1.7785998861745696e-05,1.778599886174595e-05,1.7785998861745364e-05,1.7785998861742484e-05,1.7785998861745496e-05,1.7785998861745354e-05,0.020913583972060137,1.7785998861745862e-05,1.7785998861742413e-05,1.778599886174693e-05,0.34415562360029867,0.19889804014576426,0.05266770011007589,0.07862277725151039,1.7785998861742413e-05,1.7785998861742413e-05,1.778599886174596e-05,1.7785998861745594e-05,1.7785998861747255e-05,0.2523476115429242,1.7785998861742413e-05,1.778599886174396e-05,1.7785998861742413e-05,1.7785998861743897e-05,0.03456692797802804,1.778599886174577e-05,1.7785998861745066e-05,1.7785998861747858e-05,1.778599886174596e-05,0.01740087142665662
Vol.30_2016年11月8日 配信.txt,30,2016年11月8日,0.03298562730898158,2.176183844015751e-05,2.1761838440161714e-05,2.1761838440160474e-05,2.176183844016074e-05,2.1761838440157936e-05,2.1761838440161036e-05,2.176183844016033e-05,2.176183844016245e-05,2.1761838440161192e-05,2.176183844015751e-05,2.176183844016201e-05,0.34626550836635683,0.018153891276219414,2.1761838440161826e-05,2.1761838440161975e-05,2.176183844015751e-05,2.176183844015751e-05,2.1761838440160447e-05,2.176183844016193e-05,2.1761838440163662e-05,2.1761838440158787e-05,2.176183844015751e-05,2.1761838440160145e-05,2.176183844015751e-05,2.1761838440161392e-05,2.1761838440162575e-05,2.1761838440160918e-05,2.1761838440162178e-05,2.1761838440162216e-05,2.1761838440161114e-05,0.6019856415721176
Vol.31_2016年11月15日 配信.txt,31,2016年11月15日,1.8927922471269405e-05,1.8927922471266413e-05,1.892792247126862e-05,1.8927922471269395e-05,1.8927922471269144e-05,1.8927922471266654e-05,1.892792247126841e-05,1.8927922471268833e-05,1.8927922471268934e-05,1.8927922471269568e-05,1.8927922471266413e-05,1.892792247126983e-05,0.4540748007419904,0.5429304701037934,1.8927922471269636e-05,1.8927922471270137e-05,1.8927922471266413e-05,1.8927922471266413e-05,1.892792247126988e-05,1.8927922471270232e-05,0.0024458194024834035,1.8927922471270015e-05,1.8927922471266413e-05,1.8927922471268307e-05,1.8927922471266413e-05,1.8927922471267077e-05,1.8927922471269917e-05,1.892792247126964e-05,1.8927922471269036e-05,1.8927922471268728e-05,1.892792247126913e-05,1.892792253737846e-05
Vol.32_2016年11月22日 配信.txt,32,2016年11月22日,1.2656946132051659e-05,1.2656946132049922e-05,1.265694613205179e-05,1.2656946132052114e-05,1.2656946132052045e-05,1.265694613204999e-05,1.2656946132051806e-05,1.2656946132051547e-05,1.2656946132051295e-05,1.2656946132051572e-05,1.2656946132049922e-05,1.2656946132052258e-05,0.9996076346699064,1.2656946132052408e-05,1.2656946132052021e-05,1.2656946132052865e-05,1.2656946132049922e-05,1.2656946132049922e-05,1.2656946132051688e-05,1.265694613205161e-05,1.2656946132051193e-05,1.265694613205123e-05,1.2656946132049922e-05,1.2656946132050771e-05,1.2656946132049922e-05,1.2656946132051257e-05,1.2656946132051857e-05,1.2656946132051525e-05,1.2656946132051637e-05,1.2656946132050868e-05,1.2656946132051738e-05,1.2656946132052162e-05
Vol.33_2016年12月6日 配信.txt,33,2016年12月6日,1.2972187629728307e-05,1.2972187629726757e-05,1.2972187629728375e-05,1.2972187629728344e-05,1.2972187629728558e-05,1.2972187629726855e-05,1.2972187629728056e-05,1.2972187629728292e-05,1.2972187629727995e-05,1.2972187629728549e-05,1.2972187629726757e-05,1.2972187629728312e-05,1.2972187629728739e-05,1.2972187629728808e-05,1.2972187629728588e-05,1.2972187629728781e-05,1.2972187629726757e-05,1.2972187629726757e-05,1.2972187629728485e-05,0.9995978621834785,1.2972187629727892e-05,1.2972187629727267e-05,1.2972187629726757e-05,1.2972187629727892e-05,1.2972187629726757e-05,1.2972187629727304e-05,1.297218762972858e-05,1.2972187629728451e-05,1.2972187629728427e-05,1.2972187629727846e-05,1.2972187629763493e-05,1.2972187629728702e-05
Vol.34_2016年12月15日 配信.txt,34,2016年12月15日,1.4698965192869961e-05,1.4698965192867798e-05,1.4698965192869479e-05,1.4698965192869458e-05,1.4698965192869723e-05,1.469896519286796e-05,1.4698965192870507e-05,1.4698965192869577e-05,1.469896519287034e-05,1.4698965192869687e-05,1.4698965192867798e-05,1.469896519287025e-05,0.8871793787304375,1.4698965192870754e-05,1.4698965192869994e-05,1.4698965192870338e-05,1.4698965192867798e-05,1.4698965192867798e-05,1.469896519286968e-05,1.4698965192871342e-05,0.1123796523137764,1.4698965192868594e-05,1.4698965192867798e-05,1.4698965192869387e-05,1.4698965192867798e-05,1.4698965192868969e-05,1.4698965192870144e-05,1.4698965192870138e-05,1.4698965192870261e-05,1.4698965192869961e-05,1.4698965192869941e-05,1.4698965192870173e-05
Vol.35_2016年12月20日 配信.txt,35,2016年12月20日,2.4414062500034377e-05,2.441406250002768e-05,2.441406250003246e-05,2.4414062500031267e-05,2.44140625000332e-05,2.441406250002798e-05,2.4414062500031863e-05,2.4414062500034198e-05,2.4414062500033507e-05,2.4414062500032856e-05,2.441406250002768e-05,2.441406250003255e-05,2.4414062500033452e-05,2.441406250003339e-05,0.16402393740354454,2.4414062500032887e-05,2.441406250002768e-05,2.441406250002768e-05,2.4414062500033195e-05,0.02776873629234422,2.4414062500034577e-05,2.441406250003069e-05,2.441406250002768e-05,2.4414062500029688e-05,2.441406250002768e-05,2.4414062500028885e-05,2.441406250003319e-05,2.4414062500032317e-05,2.4414062500033344e-05,0.7303038404778673,2.4414062500032802e-05,0.07721989207624305
Vol.36_2016年12月27日 配信.txt,36,2016年12月27日,1.8768768768796154e-05,1.8768768768792827e-05,1.8768768768795507e-05,1.876876876879613e-05,1.8768768768796734e-05,1.8768768768792868e-05,1.876876876879621e-05,1.8768768768795924e-05,1.876876876879724e-05,1.8768768768795568e-05,1.8768768768792827e-05,0.09782687636776403,0.04592672032350238,1.8768768768796527e-05,0.7189826483074383,1.8768768768796296e-05,1.8768768768792827e-05,1.8768768768792827e-05,1.87687687687962e-05,1.876876876879664e-05,1.8768768768793952e-05,1.8768768768798573e-05,1.8768768768792827e-05,1.8768768768794433e-05,1.8768768768792827e-05,1.87687687687931e-05,1.876876876879736e-05,1.8768768768795507e-05,1.876876876879626e-05,0.13673822947576905,1.8768768768795327e-05,1.876876876879654e-05
Vol.37_2017年1月10日 配信.txt,37,2017年1月10日,2.296105804556703e-05,2.2961058045564177e-05,2.2961058045566786e-05,2.296105804556644e-05,2.2961058045566633e-05,2.2961058045564553e-05,2.2961058045566342e-05,2.2961058045566566e-05,0.9982992577824854,2.2961058045566688e-05,2.2961058045564177e-05,2.2961058045567338e-05,2.2961058045567643e-05,2.2961058048026973e-05,2.2961058045567077e-05,2.2961058045567433e-05,2.2961058045564177e-05,2.2961058045564177e-05,2.2961058045566877e-05,2.2961058045567118e-05,0.0010119104761452029,2.296105804556549e-05,2.2961058045564177e-05,2.296105804556614e-05,2.2961058045564177e-05,2.296105804556522e-05,2.296105804556737e-05,2.296105804556707e-05,2.2961058045566833e-05,2.296105804556647e-05,2.2961058045566704e-05,2.296105804556747e-05
Vol.38_2017年1月17日 配信.txt,38,2017年1月17日,2.191444600285451e-05,2.1914446002850558e-05,2.1914446002856548e-05,2.1914446002855586e-05,2.1914446002854945e-05,2.1914446002850873e-05,2.1914446002863033e-05,2.1914446002853282e-05,0.11875272098927503,2.1914446002854854e-05,2.1914446002850558e-05,2.1914446002855776e-05,0.6167853202143864,0.21938977735818074,2.191444600285451e-05,2.1914446002855264e-05,2.1914446002850558e-05,2.1914446002850558e-05,2.1914446002855498e-05,2.191444600285502e-05,2.1914446002853838e-05,2.1914446002851944e-05,2.1914446002850558e-05,2.191444600285567e-05,2.1914446002850558e-05,2.1914446002851954e-05,0.015916896014961008,2.1914446002856995e-05,2.1914446002855396e-05,2.1914446002853628e-05,2.1914446002856734e-05,0.02856359538111986
Vol.39_2017年1月24日 配信.txt,39,2017年1月24日,1.834997064008062e-05,1.8349970640077445e-05,1.8349970640079925e-05,1.834997064008011e-05,1.8349970640081263e-05,1.8349970640077702e-05,1.834997064008018e-05,1.834997064008087e-05,1.8349970640080057e-05,0.0014084855869585088,1.8349970640077445e-05,0.6442682316671883,1.8349970640081836e-05,0.18818300102352165,1.8349970640081077e-05,0.02377807711969696,1.8349970640077445e-05,1.8349970640077445e-05,1.8349970640081057e-05,1.8349970640080372e-05,1.8349970640083334e-05,1.8349970640078522e-05,1.8349970640077445e-05,1.8349970640079888e-05,1.8349970640077445e-05,1.8349970640078783e-05,1.834997064008098e-05,1.8349970640082263e-05,0.004390063079981653,1.8349970640079684e-05,0.005962435884184735,0.1315509563724662
Vol.40_2017年1月31日 配信.txt,40,2017年1月31日,1.5016818837123842e-05,1.5016818837121307e-05,1.5016818837124955e-05,1.5016818837123308e-05,1.5016818837124758e-05,1.5016818837121431e-05,1.5016818837124609e-05,1.5016818837123449e-05,1.5016818837123635e-05,1.5016818837123569e-05,1.5016818837121307e-05,0.09591999188415416,1.5016818837124375e-05,0.8669489848181801,1.5016818837124045e-05,0.02143284745312409,1.5016818837121307e-05,1.5016818837121307e-05,1.5016818837123732e-05,1.5016818837124348e-05,1.5016818837123259e-05,1.501681883712182e-05,1.5016818837121307e-05,1.5016818837122878e-05,1.5016818837121307e-05,1.5016818837121892e-05,1.5016818837123832e-05,1.5016818837124162e-05,1.5016818837123715e-05,1.5016818837122392e-05,0.015277704917102279,1.5016818837123869e-05
Vol.41_2017年2月7日 配信.txt,41,2017年2月7日,1.5074770863530372e-05,1.5074770863528476e-05,1.5074770863530298e-05,1.5074770863531663e-05,1.5074770863531168e-05,1.5074770863528902e-05,1.5074770863530492e-05,1.5074770863533281e-05,1.507477086353064e-05,1.5074770863532092e-05,1.5074770863528476e-05,0.04470591568186515,1.5074770863531968e-05,0.25456775470365195,1.5074770863531546e-05,0.31215744751425384,1.5074770863528476e-05,1.5074770863528476e-05,1.507477086353158e-05,1.5074770863532347e-05,1.507477086353067e-05,1.5074770863530269e-05,1.5074770863528476e-05,1.5074770863529954e-05,1.5074770863528476e-05,1.5074770863530687e-05,1.5074770863531099e-05,1.5074770863531467e-05,1.507477086353134e-05,1.5074770863531392e-05,0.12657727409614936,0.26158458919076444
Vol.42_2017年2月14日 配信.txt,42,2017年2月14日,1.4541647277823886e-05,1.45416472778222e-05,1.4541647277823862e-05,1.454164727782488e-05,1.454164727782438e-05,1.4541647277822565e-05,1.4541647277824564e-05,1.454164727782419e-05,1.4541647277824303e-05,1.4541647277823901e-05,1.45416472778222e-05,1.4541647277824567e-05,1.4541647277824925e-05,0.4177984142799645,1.4541647277824372e-05,1.454164727782527e-05,1.45416472778222e-05,1.45416472778222e-05,1.4541647277824128e-05,1.4541647277824101e-05,1.4541647277825126e-05,1.4541647277822594e-05,1.45416472778222e-05,1.454164727782424e-05,1.45416472778222e-05,1.4541647277823744e-05,1.4541647277824457e-05,0.5817653363017008,1.4541647277825374e-05,1.4541647277823576e-05,1.4541647277824848e-05,1.4541647277825194e-05
Vol.43_2017年2月21日 配信.txt,43,2017年2月21日,1.3545730385804253e-05,1.3545730385802611e-05,1.3545730385804527e-05,1.3545730385804419e-05,1.3545730385804648e-05,1.3545730385802698e-05,1.3545730385804907e-05,1.3545730385804753e-05,1.354573038580462e-05,1.3545730385804253e-05,1.3545730385802611e-05,1.354573038580528e-05,1.3545730385805346e-05,0.9745394454005651,1.354573038580511e-05,1.3545730385805202e-05,1.3545730385802611e-05,1.3545730385802611e-05,1.3545730385804612e-05,1.35457303858045e-05,0.007807331094713163,1.3545730385803314e-05,1.3545730385802611e-05,1.3545730385804617e-05,1.3545730385802611e-05,1.354573038580462e-05,1.3545730385804942e-05,1.3545730385805478e-05,1.3545730385805877e-05,1.3545730385804089e-05,1.3545730385805606e-05,0.017260397323533305
Vol.44_2017年2月28日 配信.txt,44,2017年2月28日,1.681916038753422e-05,1.681916038753207e-05,1.6819160387535307e-05,1.681916038753677e-05,1.6819160387535073e-05,1.6819160387532265e-05,1.6819160387534863e-05,1.681916038753464e-05,1.681916038753472e-05,1.6819160387534142e-05,1.681916038753207e-05,1.681916038753555e-05,0.4359290088505037,1.6819160387545536e-05,1.681916038753525e-05,1.681916038753592e-05,1.681916038753207e-05,1.681916038753207e-05,1.6819160387534582e-05,1.6819160387534813e-05,0.5635664163378703,1.6819160387532837e-05,1.681916038753207e-05,1.6819160387535382e-05,1.681916038753207e-05,1.6819160387534708e-05,1.6819160387535528e-05,1.681916038753542e-05,1.681916038753587e-05,1.6819160387535565e-05,1.681916038753551e-05,1.6819160387535694e-05
Vol.45_2017年3月7日 配信.txt,45,2017年3月7日,1.3858093126417443e-05,1.3858093126414539e-05,1.3858093126416533e-05,1.3858093126416514e-05,1.3858093126416862e-05,1.385809312641463e-05,1.3858093126415998e-05,1.3858093126416484e-05,1.3858093126416218e-05,1.3858093126416153e-05,1.3858093126414539e-05,1.385809312641627e-05,1.3858093126417136e-05,1.3858093126417046e-05,1.3858093126417348e-05,0.2751931387404052,1.3858093126414539e-05,1.3858093126414539e-05,1.3858093126416907e-05,1.3858093126416265e-05,1.3858093126415576e-05,1.385809312641561e-05,1.3858093126414539e-05,1.3858093126415798e-05,1.3858093126414539e-05,1.3858093126416533e-05,1.385809312641665e-05,0.07622732401654693,1.3858093126416853e-05,1.3858093126416014e-05,0.648177652542382,1.3858093126417736e-05
Vol.46_2017年3月14日 配信.txt,46,2017年3月14日,1.345822566754857e-05,1.3458225667545249e-05,1.3458225667548054e-05,1.3458225667546895e-05,1.3458225667547356e-05,1.3458225667545339e-05,1.3458225667547224e-05,1.3458225667547675e-05,1.3458225667547033e-05,1.3458225667547482e-05,1.3458225667545249e-05,1.3458225667548207e-05,1.3458225667547854e-05,0.9019645921442765,1.3458225667547826e-05,1.3458225667547724e-05,1.3458225667545249e-05,1.3458225667545249e-05,1.3458225667547876e-05,0.006559215848124816,1.3458225667546289e-05,1.3458225667546297e-05,1.3458225667545249e-05,1.3458225667547499e-05,1.3458225667545249e-05,1.3458225667545913e-05,1.3458225667547905e-05,0.08114223245096415,1.3458225667547409e-05,1.3458225667548058e-05,0.009957129237943212,1.3458225667547915e-05
Vol.47_2017年3月21日 配信.txt,47,2017年3月21日,2.101546738403306e-05,2.1015467384030327e-05,2.1015467384038713e-05,2.10154673840333e-05,2.1015467384032563e-05,2.1015467384030527e-05,2.1015467384032838e-05,2.1015467384033546e-05,2.101546738403258e-05,2.1015467384032926e-05,2.1015467384030327e-05,2.1015467384033576e-05,2.1015467384033654e-05,2.1015467384033736e-05,0.5544747451495501,2.1015467384033868e-05,2.1015467384030327e-05,2.1015467384030327e-05,2.1015467384033244e-05,2.101546738403288e-05,2.1015467384031886e-05,2.1015467384031232e-05,2.1015467384030327e-05,2.1015467384034888e-05,2.1015467384030327e-05,2.1015467384038377e-05,2.1015467384033658e-05,0.3667753167143618,2.101546738403324e-05,2.10154673840325e-05,0.07814048958195118,2.101546738403531e-05
Vol.48_2017年3月28日 配信.txt,48,2017年3月28日,1.4367816091978986e-05,1.4367816091974141e-05,1.4367816091977851e-05,1.436781609197767e-05,1.4367816091976128e-05,1.4367816091974358e-05,1.4367816091976005e-05,1.436781609197595e-05,1.436781609197586e-05,1.4367816091976489e-05,1.4367816091974141e-05,1.436781609197691e-05,1.4367816091976782e-05,1.4367816091976718e-05,1.4367816091977277e-05,1.4367816091976616e-05,1.4367816091974141e-05,1.4367816091974141e-05,1.4367816091979281e-05,1.436781609197588e-05,1.4367816091974987e-05,1.4367816091975066e-05,1.4367816091974141e-05,1.4367816091976067e-05,1.4367816091974141e-05,1.4367816091974976e-05,1.4367816091977772e-05,0.9513477810876898,1.436781609197697e-05,1.4367816091975911e-05,1.4367816091976584e-05,0.04822118442955091
Vol.49_2017年4月4日 配信.txt,49,2017年4月4日,1.0116542570443953e-05,1.0116542570442899e-05,0.007427830849824527,1.0116542570444422e-05,0.005640016420886538,1.0116542570443786e-05,1.0116542570443958e-05,1.0116542570444193e-05,1.0116542570443786e-05,1.0116542570443793e-05,1.0116542570442899e-05,1.011654257044456e-05,1.011654257044481e-05,0.00938379489098208,0.7292227045947572,1.011654257044489e-05,1.0116542570442899e-05,1.0116542570442899e-05,1.0116542570444227e-05,1.0116542570444237e-05,1.0116542570443768e-05,1.011654257044322e-05,1.0116542570442899e-05,1.0116542570444506e-05,1.0116542570442899e-05,1.0116542570443609e-05,1.0116542570444437e-05,0.23996218993889074,1.0116542570444271e-05,1.0116542570443544e-05,1.0116542570444725e-05,0.008100433197827288
Vol.50_2017年4月11日 配信.txt,50,2017年4月11日,8.25191444418092e-06,8.251914444179854e-06,8.251914444181006e-06,8.251914444180974e-06,8.251914444181268e-06,8.251914444179932e-06,8.251914444180972e-06,8.251914444181169e-06,8.251914444180677e-06,8.251914444180801e-06,8.251914444179854e-06,8.251914444180947e-06,8.251914444181218e-06,0.0016435734260777737,8.25191444418136e-06,8.25191444418134e-06,8.251914444179854e-06,8.251914444179854e-06,8.251914444181204e-06,8.251914444181243e-06,8.251914444182046e-06,8.25191444418063e-06,8.251914444179854e-06,8.251914444180664e-06,8.251914444179854e-06,8.25191444418044e-06,8.251914444182215e-06,0.997539447616562,8.251914444181085e-06,8.25191444418064e-06,8.251914444181238e-06,0.0005776734384790282
Vol.51_2017年4月18日 配信.txt,51,2017年4月18日,0.9994100182704017,1.9031668696716073e-05,1.903166869671821e-05,1.9031668696717723e-05,1.903166869671828e-05,1.903166869671611e-05,1.9031668696717774e-05,1.9031668696718116e-05,1.9031668696717903e-05,1.9031668696718313e-05,1.9031668696716073e-05,1.9031668696718886e-05,1.903166869671866e-05,1.9031668696718638e-05,1.903166869671833e-05,1.9031668696718628e-05,1.9031668696716073e-05,1.9031668696716073e-05,1.903166869671816e-05,1.9031668696718184e-05,1.9031668696717117e-05,1.903166869671706e-05,1.9031668696716073e-05,1.90316686967173e-05,1.9031668696716073e-05,1.903166869671672e-05,1.9031668696910542e-05,1.9031668696718367e-05,1.903166869671809e-05,1.903166869671739e-05,1.903166869671816e-05,1.9031668696718435e-05
Vol.52_2017年4月25日 配信.txt,52,2017年4月25日,0.010924572085476817,1.0949544498970026e-05,1.094954449897191e-05,1.0949544498972223e-05,1.0949544498971901e-05,1.0949544498970165e-05,1.0949544498971921e-05,1.0949544498972538e-05,1.0949544498973065e-05,1.0949544498971815e-05,1.0949544498970026e-05,0.02601731320475531,0.007810791225283845,1.0949544498972474e-05,0.05912590763276343,1.0949544498973007e-05,1.0949544498970026e-05,1.0949544498970026e-05,1.0949544498972253e-05,1.0949544498972214e-05,1.094954449897287e-05,1.0949544498971144e-05,1.0949544498970026e-05,1.0949544498971552e-05,1.0949544498970026e-05,1.0949544498970214e-05,0.8919768494847731,1.0949544498971655e-05,1.0949544498971991e-05,0.0038598782099742534,1.0949544498971977e-05,1.0949544498972304e-05
Vol.53_2017年5月2日 配信.txt,53,2017年5月2日,9.854935351633197e-06,9.854935351631578e-06,9.854935351633045e-06,9.854935351632515e-06,9.85493535163298e-06,9.854935351631774e-06,9.854935351632948e-06,9.854935351632642e-06,9.854935351632823e-06,9.85493535163283e-06,9.854935351631578e-06,9.85493535171447e-06,9.854935351633167e-06,9.854935351633124e-06,9.854935351633023e-06,9.854935351633046e-06,9.854935351631578e-06,9.854935351631578e-06,9.854935351632757e-06,9.854935351633121e-06,9.854935351632328e-06,9.854935351632318e-06,9.854935351631578e-06,9.854935351632526e-06,9.854935351631578e-06,9.854935351632227e-06,0.9996944970040993,9.85493535163319e-06,9.854935351632928e-06,9.854935351632659e-06,9.854935351633023e-06,9.854935351632958e-06
Vol.54_2017年5月16日 配信.txt,54,2017年5月16日,0.005604506510192662,1.778599886171511e-05,1.778599886171771e-05,0.07306226536011798,0.6770840140878593,1.778599886171576e-05,1.7785998861717507e-05,1.778599886171827e-05,1.7785998861719618e-05,1.778599886171876e-05,1.778599886171511e-05,1.77859988617194e-05,0.038347063528786626,1.7785998861719543e-05,1.7785998861718418e-05,1.778599886171883e-05,1.778599886171511e-05,1.778599886171511e-05,1.7785998861718083e-05,1.778599886171841e-05,1.778599886171719e-05,1.778599886171811e-05,1.778599886171511e-05,1.7785998861717083e-05,1.778599886171511e-05,0.0015843639778262643,0.1342085806484825,1.7785998861718178e-05,1.7785998861718015e-05,1.7785998861717805e-05,1.7785998861717602e-05,0.06966455591519168
Vol.55_2017年5月23日 配信.txt,55,2017年5月23日,1.2760310330756447e-05,1.2760310330754883e-05,1.2760310330756653e-05,1.2760310330756357e-05,1.2760310330756455e-05,1.2760310330755163e-05,0.002080885568814882,1.2760310330756624e-05,1.2760310330756042e-05,1.2760310330755949e-05,1.2760310330754883e-05,1.2760310330756357e-05,1.2760310330756792e-05,1.2760310330756867e-05,1.2760310330756608e-05,1.2760310330756855e-05,1.2760310330754883e-05,1.2760310330754883e-05,1.2760310330756565e-05,1.276031033075629e-05,1.27603103307557e-05,1.2760310330755301e-05,1.2760310330754883e-05,1.2760310330756138e-05,1.2760310330754883e-05,1.2760310330755254e-05,1.2760310330756564e-05,1.2760310330756772e-05,0.9975363051212625,1.2760310330756084e-05,1.2760310330756843e-05,1.2760310330756799e-05
Vol.56_2017年5月30日 配信.txt,56,2017年5月30日,1.446759259261695e-05,1.4467592592614259e-05,1.4467592592617772e-05,1.4467592592617184e-05,1.4467592592617223e-05,1.4467592592614669e-05,1.4467592592617005e-05,1.4467592592617477e-05,1.4467592592616493e-05,1.446759259261827e-05,1.4467592592614259e-05,1.4467592592616994e-05,1.4467592592617762e-05,1.4467592592617947e-05,0.9690269925698697,1.4467592592617962e-05,1.4467592592614259e-05,1.4467592592614259e-05,1.4467592592616922e-05,1.4467592592616657e-05,1.4467592592616864e-05,1.4467592592615373e-05,1.4467592592614259e-05,1.4467592592616832e-05,1.4467592592614259e-05,1.446759259261536e-05,1.4467592592616922e-05,1.4467592592617127e-05,1.4467592592616857e-05,1.446759259261594e-05,0.030538979652351833,1.4467592592617259e-05
Vol.57_2017年6月6日 配信.txt,57,2017年6月6日,3.039883268485272e-05,3.0398832684849176e-05,3.0398832684856345e-05,3.039883268485409e-05,3.0398832684854366e-05,3.0398832684849498e-05,0.5155162818305906,3.0398832684853746e-05,3.0398832684853286e-05,3.0398832684852032e-05,3.0398832684849176e-05,3.0398832684853143e-05,3.0398832684853777e-05,3.039883268485633e-05,0.10358564228232434,3.0398832684854858e-05,3.0398832684849176e-05,3.0398832684849176e-05,3.039883268485326e-05,3.0398832684854448e-05,3.039883268485268e-05,3.0398832684850592e-05,3.0398832684849176e-05,3.0398832684853624e-05,3.0398832684849176e-05,3.0398832684850924e-05,3.0398832684853645e-05,3.0398832684855074e-05,0.38001650973922424,3.039883268485287e-05,3.0398832684855674e-05,3.039883268485338e-05
Vol.58_2017年6月13日 配信.txt,58,2017年6月13日,1.699293094073853e-05,1.699293094073668e-05,1.6992930940738627e-05,1.6992930940738213e-05,1.69929309407386e-05,1.6992930940736807e-05,0.9994732191408372,1.6992930940738576e-05,1.699293094073792e-05,1.699293094073873e-05,1.699293094073668e-05,1.6992930940738593e-05,1.6992930940739216e-05,1.699293094073901e-05,1.6992930940739067e-05,1.6992930940739362e-05,1.699293094073668e-05,1.699293094073668e-05,1.6992930940739067e-05,1.6992930940739274e-05,1.6992930940738274e-05,1.69929309407377e-05,1.699293094073668e-05,1.6992930940738698e-05,1.699293094073668e-05,1.699293094073718e-05,1.6992930940738745e-05,1.6992930940738864e-05,1.699293094073876e-05,1.6992930940737942e-05,1.6992930940738972e-05,1.6992930940739413e-05
Vol.59_2017年6月20日 配信.txt,59,2017年6月20日,1.3833554670212804e-05,1.3833554670211413e-05,0.9995711598052235,1.3833554670212592e-05,1.383355467021273e-05,1.3833554670211531e-05,1.3833554670212517e-05,1.3833554670212766e-05,1.38335546702126e-05,1.3833554670212815e-05,1.3833554670211413e-05,1.383355467021284e-05,1.3833554670213046e-05,1.383355467021311e-05,1.3833554670213007e-05,1.3833554670285992e-05,1.3833554670211413e-05,1.3833554670211413e-05,1.3833554670212997e-05,1.3833554670212912e-05,1.3833554670212187e-05,1.3833554670211931e-05,1.3833554670211413e-05,1.3833554670212433e-05,1.3833554670211413e-05,1.3833554670211708e-05,1.3833554670212912e-05,1.3833554670212905e-05,1.383355467021272e-05,1.3833554670212422e-05,1.3833554670212826e-05,1.3833554670213864e-05
Vol.60_2017年6月27日 配信.txt,60,2017年6月27日,2.2241992882592298e-05,2.2241992882589255e-05,2.2241992882592986e-05,2.2241992882593823e-05,2.2241992882592633e-05,2.2241992882589405e-05,2.224199288259271e-05,2.2241992882592257e-05,2.2241992882592742e-05,2.2241992882593948e-05,2.2241992882589255e-05,2.2241992882592356e-05,2.2241992882593745e-05,0.06763437787712077,2.224199288259353e-05,0.8719594173293093,2.2241992882589255e-05,2.2241992882589255e-05,2.224199288259286e-05,2.224199288259217e-05,2.224199288259656e-05,2.224199288258971e-05,2.2241992882589255e-05,2.2241992882591454e-05,2.2241992882589255e-05,2.2241992882590045e-05,2.2241992882593335e-05,2.2241992882592904e-05,2.224199288259323e-05,2.2241992882590726e-05,0.05976118699997491,2.2241992882593477e-05
Vol.61_2017年7月4日 配信.txt,61,2017年7月4日,1.4952153110068883e-05,1.4952153110067246e-05,1.4952153110068903e-05,1.4952153121785439e-05,1.495215311006948e-05,1.495215311006729e-05,1.4952153110069553e-05,1.4952153110069027e-05,1.4952153110068847e-05,1.4952153110068788e-05,1.4952153110067246e-05,1.4952153110068803e-05,1.4952153110069789e-05,0.9995364832535761,1.495215311006959e-05,1.4952153110070228e-05,1.4952153110067246e-05,1.4952153110067246e-05,1.4952153110068996e-05,1.4952153110068688e-05,1.4952153110068823e-05,1.4952153110067692e-05,1.4952153110067246e-05,1.4952153110068217e-05,1.4952153110067246e-05,1.4952153110068478e-05,1.4952153110069796e-05,1.4952153110069411e-05,1.4952153110069252e-05,1.4952153110068107e-05,1.4952153110070424e-05,1.4952153110069484e-05
Vol.62_2017年7月11日 配信.txt,62,2017年7月11日,1.727473742403119e-05,1.7274737424029186e-05,1.727473742403157e-05,1.727473742403382e-05,1.727473742403135e-05,1.7274737424029403e-05,1.7274737424031484e-05,1.7274737424031412e-05,1.7274737424034543e-05,1.7274737424030918e-05,1.7274737424029186e-05,1.7274737424031548e-05,1.727473742403204e-05,0.9718011734488801,1.7274737424032226e-05,1.7274737424032686e-05,1.7274737424029186e-05,1.7274737424029186e-05,1.7274737424031406e-05,1.727473742403114e-05,1.7274737424030792e-05,1.7274737424030552e-05,1.7274737424029186e-05,1.7274737424030277e-05,1.7274737424029186e-05,1.7274737424029827e-05,1.7274737424031863e-05,1.727473742403182e-05,1.727473742403167e-05,1.727473742403037e-05,1.7274737424032822e-05,0.02768058442839897
Vol.63_2017年7月18日 配信.txt,63,2017年7月18日,8.407317729358771e-06,8.407317729357656e-06,8.407317729358781e-06,8.407317729358964e-06,8.407317729358678e-06,8.407317729357784e-06,8.40731772935864e-06,8.407317729358734e-06,8.407317729358461e-06,8.407317729358405e-06,8.407317729357656e-06,8.407317729358864e-06,8.407317729358942e-06,8.407317729358996e-06,8.407317729359195e-06,8.407317729359056e-06,8.407317729357656e-06,8.407317729357656e-06,8.407317729359e-06,8.407317729358983e-06,8.40731772935824e-06,8.407317729358058e-06,8.407317729357656e-06,8.407317729358637e-06,8.407317729357656e-06,8.407317729357987e-06,8.407317729358966e-06,8.407317729358963e-06,8.407317729358927e-06,8.407317729358376e-06,8.407317729358778e-06,0.99973937315039
Vol.65_2017年7月25日 配信.txt,65,2017年7月25日,1.14468864469285e-05,1.144688644692737e-05,1.144688644692829e-05,1.1446886446928793e-05,1.144688644692861e-05,1.1446886446928666e-05,1.144688644692859e-05,1.1446886446928826e-05,1.144688644692862e-05,1.1446886446928287e-05,1.144688644692737e-05,1.144688644692816e-05,0.49528350856790554,1.1446886446929058e-05,1.1446886446929286e-05,1.1446886446928651e-05,1.144688644692737e-05,1.144688644692737e-05,1.1446886446928958e-05,1.1446886446928387e-05,1.1446886446927675e-05,1.1446886446927723e-05,1.144688644692737e-05,1.1446886446928678e-05,1.144688644692737e-05,0.5043730848386866,1.1446886446929032e-05,1.1446886446929474e-05,1.1446886446928912e-05,1.1446886446928051e-05,1.144688644692984e-05,1.1446886446929883e-05
Vol.66_2017年8月1日 配信.txt,66,2017年8月1日,9.484066767853452e-06,9.48406676785208e-06,9.484066767853624e-06,0.06152463891228564,9.484066767853813e-06,9.484066767852971e-06,9.484066767853917e-06,9.484066767853618e-06,9.484066767852939e-06,9.484066767853691e-06,9.48406676785208e-06,9.484066767853322e-06,9.484066767853874e-06,0.494783088046446,0.4237618824403994,9.484066767853659e-06,9.48406676785208e-06,9.48406676785208e-06,9.484066767854137e-06,9.48406676785312e-06,9.484066767853026e-06,9.484066767852592e-06,9.48406676785208e-06,9.484066767853003e-06,9.48406676785208e-06,9.484066767852983e-06,9.484066767853557e-06,9.48406676785356e-06,9.484066767853563e-06,9.484066767852715e-06,9.484066767853857e-06,0.019664836731369068
Vol.67_2017年8月8日 配信.txt,67,2017年8月8日,1.5111218568705391e-05,1.5111218568702342e-05,1.5111218568704874e-05,1.5111218568704922e-05,1.5111218568705528e-05,1.5111218568702674e-05,1.511121856870511e-05,1.5111218568704646e-05,1.5111218568704939e-05,1.5111218568704817e-05,1.5111218568702342e-05,1.5111218568705476e-05,1.511121856870573e-05,0.19127783761825692,0.5178856003506039,0.0336646824734738,1.5111218568702342e-05,1.5111218568702342e-05,1.511121856870588e-05,1.5111218568704959e-05,1.5111218568703951e-05,1.5111218568703609e-05,1.5111218568702342e-05,1.5111218568704375e-05,1.5111218568702342e-05,1.5111218568705633e-05,1.5111218568706284e-05,1.5111218568705076e-05,1.5111218568704963e-05,1.5111218568704275e-05,0.19608206669613995,0.060681809960170426
Vol.68_2017年8月15日配信.txt,68,2017年8月15日,7.433396765002066e-06,7.433396765001218e-06,0.0009562828275136606,7.433396765002114e-06,7.433396765002375e-06,7.433396765001331e-06,7.433396765002125e-06,7.433396765002201e-06,7.433396765002079e-06,7.433396765002095e-06,7.433396765001218e-06,0.0006897548540009765,7.433396765002396e-06,7.4333967650026934e-06,0.9946019250637299,0.0017516137379142236,7.433396765001218e-06,7.433396765001218e-06,7.433396765002449e-06,7.433396765002114e-06,7.433396765001927e-06,7.433396765001441e-06,7.433396765001218e-06,7.433396765002163e-06,7.433396765001218e-06,7.433396765001441e-06,7.433396765002342e-06,7.433396765002544e-06,7.433396765002294e-06,7.4333967650020065e-06,0.0017997218041862822,7.433396765003058e-06
Vol.69_2017年8月29日配信.txt,69,2017年8月29日,1.3202365863993618e-05,1.3202365863991421e-05,1.320236586399349e-05,1.320236586399305e-05,1.3202365863994132e-05,1.320236586399171e-05,1.3202365863993271e-05,1.3202365863993513e-05,1.3202365863993063e-05,1.3202365863992903e-05,1.3202365863991421e-05,1.320236586399363e-05,1.3202365863993698e-05,0.6557018687522175,1.3202365863994431e-05,1.320236586399369e-05,1.3202365863991421e-05,1.3202365863991421e-05,1.3202365863994431e-05,0.31222484395882655,1.3202365863992934e-05,1.3202365863991924e-05,1.3202365863991421e-05,1.3202365863993007e-05,1.3202365863991421e-05,1.3202365863992268e-05,1.3202365863994575e-05,1.3202365863994152e-05,1.3202365863994076e-05,1.3202365863993945e-05,1.3202365863993698e-05,0.03169041867890024
Vol.70_2017年9月5日配信.txt,70,2017年9月5日,1.109336173236039e-05,1.1093361732358904e-05,1.1093361732361882e-05,1.1093361732360673e-05,1.1093361732361144e-05,1.1093361732358973e-05,1.1093361732360815e-05,1.1093361732361411e-05,1.1093361732360332e-05,1.1093361732360684e-05,1.1093361732358904e-05,1.1093361732360945e-05,0.4531709396799261,1.109336173236132e-05,1.1093361732360949e-05,1.1093361732361342e-05,1.1093361732358904e-05,1.1093361732358904e-05,1.1093361732361244e-05,1.1093361732360983e-05,1.1093361732359641e-05,1.1093361732359751e-05,1.1093361732358904e-05,0.5464962594681031,1.1093361732358904e-05,1.1093361732361035e-05,1.1093361732361062e-05,1.1093361732361086e-05,1.1093361732361315e-05,1.1093361732359858e-05,1.109336173236122e-05,1.1093361732361069e-05
Vol.71_2017年9月12日配信.txt,71,2017年9月12日,1.0337413165738863e-05,1.033741316573724e-05,0.011482111514520563,1.0337413165739388e-05,1.0337413165738763e-05,1.033741316573734e-05,1.0337413165738487e-05,1.0337413165738604e-05,1.0337413165738304e-05,1.033741316573846e-05,1.033741316573724e-05,1.033741316573867e-05,1.033741316573914e-05,1.033741316573927e-05,1.0337413165739275e-05,1.0337413165739282e-05,1.033741316573724e-05,1.033741316573724e-05,0.9882077660905073,1.0337413165738518e-05,1.0337413165738177e-05,1.0337413165737723e-05,1.033741316573724e-05,1.033741316573825e-05,1.033741316573724e-05,1.0337413165737737e-05,1.033741316573985e-05,1.0337413165739019e-05,1.0337413165738863e-05,1.0337413165738226e-05,1.0337413165738709e-05,1.0337413165739612e-05
Vol.72_2017年9月19日配信.txt,72,2017年9月19日,0.034489116755140194,1.6873650107998616e-05,1.6873650108000933e-05,1.687365010800052e-05,1.6873650108000977e-05,1.687365010799883e-05,1.6873650108000703e-05,1.6873650108000733e-05,1.6873650108000483e-05,0.9650046737416199,1.6873650107998616e-05,1.6873650108001543e-05,1.6873650108001987e-05,1.687365010800133e-05,1.6873650108001004e-05,1.687365010800117e-05,1.6873650107998616e-05,1.6873650107998616e-05,1.6873650108000913e-05,1.6873650108000757e-05,1.6873650107999622e-05,1.6873650107999436e-05,1.6873650107998616e-05,1.6873650107999954e-05,1.6873650107998616e-05,1.6873650107999134e-05,1.687365010800164e-05,1.6873650108000896e-05,1.6873650108000893e-05,1.6873650108000245e-05,1.6873650108000933e-05,1.687365010800215e-05
Vol.73_2017年9月26日配信.txt,73,2017年9月26日,9.597665847698822e-06,9.597665847696364e-06,9.597665847698065e-06,9.597665847698192e-06,9.59766584769838e-06,9.597665847697364e-06,9.597665847698223e-06,9.597665847697957e-06,9.597665847698055e-06,9.597665847698289e-06,9.597665847696364e-06,9.597665847698699e-06,9.597665847698258e-06,0.7542055831598605,0.11105527813763123,0.06695170824762162,9.597665847696364e-06,9.597665847696364e-06,9.597665847697908e-06,9.597665847698248e-06,9.597665847697957e-06,9.597665847697113e-06,9.597665847696364e-06,9.597665847697743e-06,9.597665847696364e-06,9.597665847696818e-06,9.597665847698684e-06,9.597665847697801e-06,9.597665847697897e-06,9.597665847697779e-06,9.597665847698246e-06,0.06751869581115114
Vol.74_2017年10月3日配信.txt,74,2017年10月3日,6.295326349732e-06,6.295326349730992e-06,6.29532634973215e-06,6.2953263497322535e-06,6.29532634973191e-06,6.295326349731117e-06,6.295326349732322e-06,6.295326349731953e-06,6.295326349731877e-06,6.295326349731952e-06,6.295326349730992e-06,6.295326349732172e-06,6.295326349732247e-06,0.275241298187408,6.295326349732163e-06,0.7245698420221001,6.295326349730992e-06,6.295326349730992e-06,6.295326349732185e-06,6.295326349732129e-06,6.295326349731521e-06,6.2953263497314946e-06,6.295326349730992e-06,6.295326349732135e-06,6.295326349730992e-06,6.29532634973255e-06,6.295326349732118e-06,6.2953263497321095e-06,6.295326349732048e-06,6.29532634973182e-06,6.295326349731914e-06,6.2953263497323805e-06
Vol.75_2017年10月10日配信.txt,75,2017年10月10日,9.677918860337914e-06,9.677918860336318e-06,9.677918860337792e-06,9.677918860337689e-06,9.677918860337614e-06,9.677918860336466e-06,9.677918860337641e-06,9.677918860337499e-06,9.677918860337621e-06,9.67791886033788e-06,9.677918860336318e-06,9.677918860337853e-06,9.677918860338175e-06,9.677918860338461e-06,9.677918860338033e-06,0.9996999845153296,9.677918860336318e-06,9.677918860336318e-06,9.677918860337648e-06,9.67791886033779e-06,9.677918860337765e-06,9.677918860337633e-06,9.677918860336318e-06,9.677918860337167e-06,9.677918860336318e-06,9.677918860336566e-06,9.677918860338038e-06,9.677918860337917e-06,9.677918860337944e-06,9.677918860337352e-06,9.677918860337968e-06,9.677918860337961e-06
Vol.76_2017年10月17日配信.txt,76,2017年10月17日,1.074252320386123e-05,1.0742523203859833e-05,1.074252320386183e-05,1.0742523203861771e-05,0.28270888114631926,1.0742523203860002e-05,1.0742523203861203e-05,1.0742523203861674e-05,1.0742523203861022e-05,1.0742523203861247e-05,1.0742523203859833e-05,1.0742523203861336e-05,1.0742523203861759e-05,1.0742523203885356e-05,1.0742523203861544e-05,0.7169688431575648,1.0742523203859833e-05,1.0742523203859833e-05,1.0742523203861973e-05,1.0742523203861227e-05,1.074252320386104e-05,1.0742523203860038e-05,1.0742523203859833e-05,1.0742523203861193e-05,1.0742523203859833e-05,1.0742523203860316e-05,1.0742523203861642e-05,1.0742523203861439e-05,1.0742523203861336e-05,1.0742523203860673e-05,1.0742523203861417e-05,1.0742523203861905e-05
Vol.77_2017年10月24日配信.txt,77,2017年10月24日,1.3064381270956937e-05,1.3064381270953647e-05,0.006122291062463258,1.3064381270956673e-05,0.0009654628178612494,1.3064381271042296e-05,1.3064381270956187e-05,1.306438127095571e-05,1.3064381270955678e-05,1.3064381270955279e-05,1.3064381270953647e-05,1.3064381270955699e-05,0.016063022207824313,0.05097430743846593,1.306438127095618e-05,0.8392394643370887,1.3064381270953647e-05,1.3064381270953647e-05,0.08629577822325156,1.3064381270957206e-05,1.3064381270954755e-05,1.3064381270954127e-05,1.3064381270953647e-05,1.3064381270955289e-05,1.3064381270953647e-05,1.3064381270954066e-05,1.3064381270956888e-05,1.3064381270955794e-05,1.3064381270956029e-05,1.3064381270955173e-05,1.3064381270955695e-05,1.3064381270956403e-05
Vol.78_2017年11月7日配信.txt,78,2017年11月7日,1.65081880613192e-05,1.6508188061316484e-05,1.650818806131995e-05,1.6508188061318974e-05,1.650818806131934e-05,1.6508188061316782e-05,1.6508188061319923e-05,0.23186525113555573,1.6508188061318713e-05,1.6508188061318554e-05,1.6508188061316484e-05,0.02725056500728959,0.1869747784157407,1.650818806131996e-05,1.650818806132046e-05,0.553447176175697,1.6508188061316484e-05,1.6508188061316484e-05,1.6508188061321166e-05,1.6508188061323203e-05,1.6508188061318402e-05,1.6508188061317667e-05,1.6508188061316484e-05,1.650818806132069e-05,1.6508188061316484e-05,1.6508188061319086e-05,1.6508188061320526e-05,1.650818806132052e-05,1.650818806132014e-05,1.650818806131965e-05,1.6508188061320424e-05,1.6508188061319686e-05
Vol.79_2017年11月14日配信.txt,79,2017年11月14日,1.1034604519794184e-05,1.1034604519792356e-05,1.1034604519794245e-05,1.1034604519794379e-05,1.1034604519794276e-05,1.1034604519792715e-05,1.1034604519794264e-05,0.8231380969911232,1.103460451979401e-05,1.1034604519794459e-05,1.1034604519792356e-05,1.1034604519794838e-05,0.08293739425965341,0.09360450521814939,1.103460451979445e-05,1.1034604519794542e-05,1.1034604519792356e-05,1.1034604519792356e-05,1.1034604519794865e-05,1.103460451979413e-05,1.1034604519793483e-05,1.10346045197931e-05,1.1034604519792356e-05,1.1034604519794137e-05,1.1034604519792356e-05,1.1034604519794975e-05,1.1034604519794755e-05,1.1034604519794984e-05,1.1034604519795075e-05,1.1034604519794122e-05,1.1034604519794252e-05,1.1034604519794696e-05
Vol.80_2017年11月21日配信.txt,80,2017年11月21日,1.699293094076372e-05,1.6992930940762022e-05,1.6992930940764183e-05,0.9983002942595699,1.699293094076403e-05,1.6992930940762164e-05,1.699293094076381e-05,1.6992930940763922e-05,1.699293094076333e-05,1.6992930940763865e-05,1.6992930940762022e-05,1.699293094076393e-05,1.6992930940764475e-05,0.0011899178122072448,1.69929309407644e-05,1.6992930940764854e-05,1.6992930940762022e-05,1.6992930940762022e-05,1.6992930940764017e-05,1.6992930940763848e-05,1.699293094076376e-05,1.6992930940762564e-05,1.6992930940762022e-05,1.6992930940763506e-05,1.6992930940762022e-05,1.6992930940762754e-05,1.6992930940764278e-05,1.69929309407643e-05,1.699293094076406e-05,1.699293094076333e-05,1.6992930940764847e-05,1.6992930940764322e-05
Vol.81_2017年11月28日配信.txt,81,2017年11月28日,1.1968594408290065e-05,1.1968594408288035e-05,1.1968594408289568e-05,0.23153021963551718,1.1968594408290056e-05,1.1968594408288311e-05,1.1968594408289682e-05,1.1968594408289733e-05,1.1968594408289668e-05,1.1968594408289421e-05,1.1968594408288035e-05,1.1968594408290026e-05,0.7681107225322341,1.1968594408290692e-05,1.1968594408290136e-05,1.196859440829065e-05,1.1968594408288035e-05,1.1968594408288035e-05,1.1968594408290131e-05,1.1968594408289243e-05,1.1968594408289079e-05,1.196859440828877e-05,1.1968594408288035e-05,1.1968594408289076e-05,1.1968594408288035e-05,1.1968594408289106e-05,1.1968594408290241e-05,1.1968594408289809e-05,1.1968594408289728e-05,1.1968594408290172e-05,1.1968594408289699e-05,1.1968594408290124e-05
Vol.82_2017年12月5日配信.txt,82,2017年12月5日,0.01013662888227291,1.0323752890668486e-05,1.0323752890670672e-05,1.0323752890670007e-05,1.0323752890670656e-05,1.032375289066863e-05,1.0323752890670116e-05,1.0323752890671171e-05,1.032375289066979e-05,1.0323752890671305e-05,1.0323752890668486e-05,0.42489410549723317,0.5120299861421157,1.032375289067035e-05,1.0323752890670272e-05,1.0323752890670221e-05,1.0323752890668486e-05,1.0323752890668486e-05,1.0323752890669918e-05,1.0323752890670226e-05,1.0323752890669255e-05,1.0323752890669155e-05,1.0323752890668486e-05,1.0323752890669597e-05,1.0323752890668486e-05,1.0323752890668949e-05,0.0526502143974395,1.032375289067028e-05,1.0323752890670126e-05,1.032375289067047e-05,1.032375289067026e-05,1.0323752890670184e-05
Vol.83_2017年12月12日配信.txt,83,2017年12月12日,1.65431445209199e-05,1.6543144520918108e-05,1.654314452091997e-05,1.6543144520919938e-05,1.654314452091998e-05,1.6543144520918294e-05,1.65431445209198e-05,1.654314452092e-05,1.6543144520919917e-05,1.654314452091976e-05,1.6543144520918108e-05,0.9994871625198516,1.6543144520920483e-05,1.6543144520920673e-05,1.654314452092022e-05,1.654314452092041e-05,1.6543144520918108e-05,1.6543144520918108e-05,1.654314452092017e-05,1.654314452091998e-05,1.6543144520919247e-05,1.6543144520918735e-05,1.6543144520918108e-05,1.654314452091952e-05,1.6543144520918108e-05,1.654314452091854e-05,1.6543144520920544e-05,1.654314452092019e-05,1.65431445209201e-05,1.654314452091942e-05,1.6543144520921408e-05,1.654314452092049e-05
Vol.84_2017年12月19日配信.txt,84,2017年12月19日,1.3528138528179362e-05,1.352813852817648e-05,1.3528138528178229e-05,1.3528138528178554e-05,1.3528138528178508e-05,1.3528138528176663e-05,0.48264036355582934,1.3528138528179328e-05,1.352813852817932e-05,1.3528138528178364e-05,1.352813852817648e-05,0.4553791073515908,1.3528138528179389e-05,0.02053461784482528,1.3528138528178838e-05,1.352813852817902e-05,1.352813852817648e-05,1.352813852817648e-05,1.3528138528178367e-05,1.3528138528178769e-05,1.3528138528177763e-05,1.3528138528177312e-05,1.352813852817648e-05,1.3528138528177922e-05,1.352813852817648e-05,1.3528138528176853e-05,0.04106712336896554,1.352813852817855e-05,1.3528138528178373e-05,1.3528138528178229e-05,1.3528138528178437e-05,1.3528138528178593e-05
Vol.85_2017年12月26日配信.txt,85,2017年12月26日,1.2891914191444089e-05,1.2891914191441971e-05,0.0335222749388102,1.2891914191443657e-05,1.2891914191446666e-05,1.289191419144222e-05,1.2891914191445515e-05,0.921904947696896,1.2891914191443969e-05,1.2891914191444057e-05,1.2891914191441971e-05,1.289191419144372e-05,0.008502210955723196,1.289191419144457e-05,1.2891914191444575e-05,0.01627101648719329,1.2891914191441971e-05,1.2891914191441971e-05,0.019451468238208362,1.2891914191444351e-05,1.289191419144524e-05,1.28919141914427e-05,1.2891914191441971e-05,1.289191419144564e-05,1.2891914191441971e-05,1.2891914191442774e-05,1.2891914191444463e-05,1.2891914191444379e-05,1.2891914191444673e-05,1.2891914191443222e-05,1.2891914191444434e-05,1.2891914191444392e-05
Vol.86_2018年1月9日配信.txt,86,2018年1月9日,1.084692814996807e-05,1.0846928149966676e-05,1.0846928149968526e-05,1.0846928149970191e-05,1.0846928149968272e-05,1.0846928149966791e-05,1.0846928149968047e-05,1.0846928149968819e-05,1.084692814996819e-05,1.0846928149968162e-05,1.0846928149966676e-05,1.0846928149968684e-05,1.0846928149968646e-05,1.084692814996942e-05,1.0846928149968892e-05,1.0846928149968738e-05,1.0846928149966676e-05,1.0846928149966676e-05,0.8746870699950414,1.0846928149968734e-05,1.084692814996825e-05,1.0846928149967854e-05,1.0846928149966676e-05,1.0846928149967728e-05,1.0846928149966676e-05,1.084692814996706e-05,1.0846928149968687e-05,1.0846928149968789e-05,1.0846928149968202e-05,1.0846928149968087e-05,1.084692814996862e-05,0.12498752216045961
vol.87_2018年1月16日.txt,87,2018年1月16日,1.7970097757333315e-05,1.7970097757333298e-05,1.7970097757333315e-05,1.7970097757333315e-05,1.7970097757333318e-05,0.9994429269695226,1.797009775733331e-05,1.797009775733332e-05,1.7970097757333328e-05,1.797009775733331e-05,1.7970097757333298e-05,1.7970097757333315e-05,1.7970097757333328e-05,1.797009775733333e-05,1.797009775733333e-05,1.7970097757333318e-05,1.7970097757333298e-05,1.7970097757333298e-05,1.7970097757333328e-05,1.797009775733331e-05,1.797009775733332e-05,1.7970097757333298e-05,1.7970097757333298e-05,1.7970097757333304e-05,1.7970097757333298e-05,1.797009775733344e-05,1.797009775733333e-05,1.797009775733332e-05,1.7970097757333308e-05,1.797009775733332e-05,1.797009775733334e-05,1.797009775733332e-05
